영업상태명,폐업일자,사업장명,좌표정보(x),좌표정보(y),도로명전체주소
폐업,2024-03-07,주바른,126.99989106967686,37.266168774710735,"경기도 수원시 팔달구 덕영대로 924, AK플라자 지하1층 (매산로1가)"
폐업,2024-03-07,주식회사 씨엔 줄리앙와플,127.00891016062863,37.25966900802527,"경기도 수원시 권선구 세권로 39, 수원농협하나로마트 1층 일부호 (세류동)"
폐업,2024-02-28,주식회사 부일,126.99133346859045,37.287553682865465,"경기도 수원시 장안구 수성로 175, 트레이더스홀세일클럽 수원화서점 지하2층 일부호 (정자동)"
폐업,2024-03-03,(주)부일,126.99133346859045,37.287553682865465,"경기도 수원시 장안구 수성로 175, 지하2층 일부호 (정자동)"
폐업,2024-03-03,카페큐브,127.0595359806745,37.28581005094709,"경기도 수원시 영통구 광교중앙로 140, 수원컨벤션센터 (하동)"
폐업,2024-02-28,플로르패션하우스,126.99914572689195,37.28810869048213,"경기도 수원시 팔달구 수성로***번길 **, *층 (화서동)"
폐업,2024-02-28,김찬길 명인 핫바,126.96423161062681,37.25616104024563,"경기도 수원시 권선구 호매실로90번길 20, 일부호 (호매실동)"
폐업,2024-02-29,심봉사 도로케,127.05743978708709,37.28520630774426,"경기도 수원시 영통구 광교중앙로 124, 갤러리아 광교 지하1층 일부호 (하동)"
폐업,2024-02-29,유농위드,127.03089948707776,37.238932319803276,경기도 수원시 권선구 곡반정로 121 (곡반정동)
폐업,2024-02-28,(주)미트뱅크,126.99543286495258,37.296566764514836,"경기도 수원시 장안구 정자천로 187, 롯데프라자 1층 일부호 (정자동)"
폐업,2024-03-04,장손족발(천천점),126.98253407195439,37.29587416399069,"경기도 수원시 장안구 만석로19번길 25-10, 롯데마트 천천점 지하1층 일부호 (천천동)"
폐업,2024-02-28,주식회사 해원에스디,127.03470254407681,37.25026170298792,"경기도 수원시 권선구 동수원로 232, 롯데마트 지하1층 일부호 (권선동)"
폐업,2024-02-27,주식회사 정푸드,126.94242809711284,37.27334220618896,"경기도 수원시 권선구 금곡로118번길 10-31, 1층 일부호 (금곡동)"
폐업,2024-02-27,(주)신우에프엔비,127.03431250484121,37.26630108471608,"경기도 수원시 팔달구 인계로 154, 킴스클럽 지하1층 일부호 (인계동)"
폐업,2024-03-08,봄팝,126.99706719357818,37.293397820253745,"경기도 수원시 장안구 정자천로***번길 **, ***동 ****호 (정자동, 화서역 현대벽산)"
폐업,2024-03-05,월드노래뮤비방,127.01894464662804,37.25342289226153,"경기도 수원시 권선구 장다리로 **, 명성빌딩 *층 (세류동)"
폐업,2024-03-07,(주)푸드트립,127.05743978708709,37.28520630774426,"경기도 수원시 영통구 광교중앙로 124, 갤러리아 광교 지하1층 일부호 (하동)"
폐업,2024-02-29,골디스,126.99710862780574,37.264173998928946,"경기도 수원시 권선구 세화로 134, 롯데몰 수원점 3층 (서둔동)"
폐업,2024-02-29,주)제이와이에스유통,126.99989106967686,37.266168774710735,"경기도 수원시 팔달구 덕영대로 924, AK플라자 지하1층 행사일부호 (매산로1가)"
폐업,2024-02-29,골디스,126.99989106967686,37.266168774710735,"경기도 수원시 팔달구 덕영대로 924, AK플라자 지하1층 푸드홀호 (매산로1가)"
폐업,2024-02-25,카페큐,126.9970939371946,37.26627115876977,"경기도 수원시 권선구 세화로134번길 37, 수원메쎄 (서둔동)"
폐업,2024-02-25,주식회사 씨엔 줄리앙와플,127.0087876414905,37.292799150480825,"경기도 수원시 장안구 수성로 337, 하이웨이마트수원정자점 2층 일부호 (정자동)"
폐업,2024-03-03,SD푸드,127.0087876414905,37.292799150480825,"경기도 수원시 장안구 수성로 337, 하이웨이디씨클럽 (정자동)"
폐업,2024-03-01,하나실업,127.01912481340888,37.275928368289826,"경기도 수원시 팔달구 수원천로 251-2, 2층 (영동)"
폐업,2024-03-07,농촌사랑(주),127.0477060480035,37.296575456976626,"경기도 수원시 영통구 광교로 191, 이마트 1층 (이의동)"
폐업,2024-03-07,주식회사 팜덕,127.02088494870455,37.25044207545924,"경기도 수원시 권선구 경수대로 270, 이마트 1층 (권선동)"
폐업,2024-03-07,가우,127.02088494870455,37.25044207545924,"경기도 수원시 권선구 경수대로 270, 이마트수원점 1층 일부호 (권선동)"
폐업,2024-02-28,부산축산,127.05051544486157,37.2906729566168,"경기도 수원시 영통구 센트럴타운로 85, 지하1층 (이의동, 광교C1 호반베르디움, Summit Place광교)"
폐업,2024-02-28,부산축산,126.99710862780574,37.264173998928946,"경기도 수원시 권선구 세화로 134, 롯데마트 수원점 1층 (서둔동)"
폐업,2024-02-28,(주)케이프라이드,127.07254100022313,37.251779334425166,"경기도 수원시 영통구 봉영로 1576, 홈플러스 영통점 2층 (영통동)"
폐업,2024-03-03,착한어묵가게,127.0595359806745,37.28581005094709,"경기도 수원시 영통구 광교중앙로 140, 수원컨벤션센터 1층 (하동)"
폐업,2024-02-29,(주)제이와이에스유통,127.05743978708709,37.28520630774426,"경기도 수원시 영통구 광교중앙로 124, 갤러리아 광교 지1층 (하동)"
폐업,2024-03-05,나짱,127.05189534109003,37.24292869843694,"경기도 수원시 영통구 영통로***번길 **, ***동 ***호 (망포동, 망포역마을 쌍용아파트)"
폐업,2024-02-28,주식회사 유농위드,126.9673538099821,37.282575610643214,"경기도 수원시 권선구 서부로 1937, 수원 농수산물 종합유통센터 1층 (구운동)"
폐업,2024-03-06,주디마리 AK플라자수원점,126.99989106967686,37.266168774710735,"경기도 수원시 팔달구 덕영대로 924, AK플라자 지하1층 (매산로1가)"
폐업,2024-03-08,찬들의 수다,126.9407432755485,37.29128085997121,"경기도 수원시 권선구 당진로 24, 가동 1층 일부호 (당수동)"
폐업,2024-02-14,시카고도넛 매교점,127.0168984714977,37.27096684443577,"경기도 수원시 팔달구 정조로709번길 9, 1층 (매교동)"
폐업,2024-01-24,Fun City,126.99133346859045,37.287553682865465,"경기도 수원시 장안구 수성로 175, 스타필드 5층 (정자동)"
폐업,2024-02-29,가메골푸드(주),126.99989106967686,37.266168774710735,"경기도 수원시 팔달구 덕영대로 924, AK플라자 지하1층 (매산로1가)"
폐업,2024-02-25,킴스델리마켓 수원스타필드점,126.99133346859045,37.287553682865465,"경기도 수원시 장안구 수성로 175, 7층 7185호 (정자동)"
폐업,2024-02-29,메종 드 행궁,127.01610357188149,37.2850625193834,"경기도 수원시 팔달구 정조로 862-1, 302호 (북수동)"
폐업,2024-03-06,뽁이네간식카페,126.97853015464361,37.276444660508396,"경기도 수원시 권선구 수인로 193-6, 1층 일부호 (구운동)"
폐업,2024-02-26,베벌리 도그,127.06026463110096,37.287453322290965,"경기도 수원시 영통구 법조로 **, 광교 SK VIEW Lake A 근린생활 B***호 (하동)"
폐업,2024-03-04,딜라이트스토어,126.97834453022145,37.289016313746714,"경기도 수원시 장안구 일월로**번길 **, *층 (천천동)"
폐업,2024-02-25,드롭바이갤럭시,126.99064975350059,37.292163513717824,"경기도 수원시 장안구 대평로**번길 **, ***동 ****호 (정자동, 화서역파크뷰)"
폐업,2024-02-28,2.17센티미터(2.17CM),127.07488796445593,37.25319214590604,"경기도 수원시 영통구 반달로*번길 **, 르네상스 시티프라자 *층 ***호 (영통동)"
폐업,2024-03-01,일품능이백숙,127.02147768481933,37.25939514802281,"경기도 수원시 권선구 장다리로 ***-*, *층 (권선동)"
폐업,2024-02-28,일품능이백숙,127.02147768481933,37.25939514802281,"경기도 수원시 권선구 장다리로 101-1, 1층 일부호 (권선동)"
폐업,2024-02-28,카페133,127.00343438360744,37.306996106120515,"경기도 수원시 장안구 경수대로994번길 29-10, 1층 (송죽동)"
폐업,2024-02-29,세븐일레븐 권선상록점,127.03635461788205,37.24989829176058,"경기도 수원시 권선구 세권로304번길 47, 상가 101호 (권선동, 권선5단지 상록아파트)"
폐업,2024-02-27,센트레행궁,127.01203741657396,37.28440026105945,"경기도 수원시 팔달구 화서문로32번길 15, 3층 (신풍동)"
폐업,2024-02-27,방콕시티래쉬,127.03051814970092,37.26699155723444,"경기도 수원시 팔달구 경수대로466번길 59, 1층 104호 (인계동, 인계리치안)"
폐업,2024-02-27,캐슬구매대행,127.04229863804916,37.24301513868282,"경기도 수원시 영통구 덕영대로 ****, ***동 ***호 (망포동, 영통아이파크캐슬*단지)"
폐업,2024-02-29,흥만소,127.05743978708709,37.28520630774426,"경기도 수원시 영통구 광교중앙로 124, 갤러리아 광교 지1층 (하동)"
폐업,2024-03-01,만덕상회,126.99596954618463,37.28152090254558,"경기도 수원시 팔달구 화양로**번길 **-*, ***호 (화서동, 민영루이스 아파트)"
폐업,2024-03-07,케이아울렛,127.0357264409991,37.26417532869759,"경기도 수원시 팔달구 인계로***번길 **-**, *층 ***호 (인계동)"
폐업,2024-02-26,구연탄,126.97651837192649,37.27641768714338,"경기도 수원시 권선구 금호로245번길 13, 1층 좌측호 (구운동)"
폐업,2024-03-07,소이배(SOYBAE),126.9364788210822,37.27286714988704,"경기도 수원시 권선구 금곡로**번길 **, ***동 ***호 (금곡동, 금곡엘지아파트)"
폐업,2024-02-28,똑부러진하마,126.99895870629086,37.27390756974073,"경기도 수원시 팔달구 고등로 **, ***동 ***호 (고등동, 수원역푸르지오자이)"
폐업,2024-02-29,타코빌리지,127.04888765069829,37.266027912173165,"경기도 수원시 영통구 매원로 26, 나동 1층 (매탄동)"
폐업,2024-03-04,예공시,127.06780375592184,37.24956762427874,"경기도 수원시 영통구 봉영로****번길 **, ***동 ***호 (영통동, 극동.풍림 아파트)"
폐업,2024-03-05,주리스몰,126.99510315888465,37.26812383772237,"경기도 수원시 권선구 세화로***번길 **, ***동 ***호 (서둔동, 센트라우스)"
폐업,2024-02-27,플라워바이소리(flower by sori),126.9962730185182,37.27630557408,"경기도 수원시 팔달구 덕영대로***번길 **, *층 (화서동)"
폐업,2024-02-27,팀썬그룹,127.01470486809156,37.26474150952285,"경기도 수원시 팔달구 정조로***번길 *-*, ***호 (매교동)"
폐업,2024-02-29,카페진루아쏘 수원시청역점,127.03184564933767,37.260476601362335,"경기도 수원시 팔달구 권광로 146, 벽산그랜드코아 1층 102-2호 (인계동)"
폐업,2024-03-05,요거트판다 광교호수공원점,127.06279718330488,37.287013161762864,"경기도 수원시 영통구 법조로 38, 광교 더샵 레이크파크 판매시설동 지1층 B20,21호 (하동)"
폐업,2024-02-27,K뷰티&Diet,127.04481651854921,37.289639516144355,"경기도 수원시 영통구 에듀타운로 101, 에듀하임1309오피스텔 101동 105호 (이의동)"
폐업,2024-02-29,버던트네일,126.9676971109452,37.2952500431836,"경기도 수원시 장안구 율전로64번길 20-14, 101호 (율전동)"
폐업,2024-02-26,카페24창업센터 수원장안구청점,127.00837743056324,37.30077290821511,"경기도 수원시 장안구 송원로 **, 신성빌딩 *층 **호 (송죽동)"
폐업,2024-03-06,오우,127.02898077009664,37.29217678160645,"경기도 수원시 장안구 창룡대로 ***, *층 *호 (연무동)"
폐업,2024-03-08,피규어인프라,127.0090330979328,37.29449054568327,"경기도 수원시 장안구 송정로***번길 **, 풍뎅이호프 (정자동)"
폐업,2024-03-06,버거1529 인계점,127.03514122556832,37.261324275151445,"경기도 수원시 팔달구 효원로 303, 삼호파크타워 지하1층 103,104,105(주방17호)호 (인계동)"
폐업,2024-02-21,솔로몬 황(Solomon Sulphur),127.04103577058859,37.296100197273155,"경기도 수원시 영통구 창룡대로256번길 77, 에이스 광교타워3 412호 (이의동)"
폐업,2024-02-27,유비즈씨,127.04481651854921,37.289639516144355,"경기도 수원시 영통구 에듀타운로 ***, 에듀하임****오피스텔 ***동 ****호 (이의동)"
폐업,2024-03-06,푸드연구소,126.97853015464361,37.276444660508396,"경기도 수원시 권선구 수인로 193-6, 1층 일부호 (구운동)"
폐업,2024-03-07,쇼핑카트24,127.06552791788133,37.25438898892754,"경기도 수원시 영통구 매영로***번길 **, ***동 ***호 (영통동, 신성.신안.쌍용.진흥아파트)"
폐업,2024-02-28,베니스상사,127.03450202017493,37.256728012805496,"경기도 수원시 권선구 권중로*번길 **, ***호 (권선동)"
폐업,2024-02-27,한스컴제이,127.04481651854921,37.289639516144355,"경기도 수원시 영통구 에듀타운로 ***, 에듀하임****오피스텔 ***동 ****호 (이의동)"
폐업,2024-03-07,반찬투정,127.02617502569606,37.29417450221211,"경기도 수원시 장안구 월드컵로428번길 16, 1층 (연무동)"
폐업,2024-02-29,베니스상사,127.03450202017493,37.256728012805496,"경기도 수원시 권선구 권중로*번길 **, *층 ***호 (권선동)"
폐업,2024-02-24,올림포스 제우스,126.97977833933491,37.286318787386875,경기도 수원시 팔달구 일월로**번길 *-**(화서동)
폐업,2024-03-02,다래다육,127.03009302397227,37.246722765812976,"경기도 수원시 권선구 동수원로***번길 **, ***동 ***호 (권선동, 수원아이파크시티*단지)"
폐업,2024-03-07,하밥,127.00564427089877,37.291640239576864,"경기도 수원시 장안구 수성로 305, 1층 일부호 (정자동)"
폐업,2024-03-09,빨간루비,127.00219051531911,37.28133074589798,"경기도 수원시 팔달구 화양로**번길 ***, ***호 (화서동)"
폐업,2024-02-27,인셀덤 유니스,127.08399833591012,37.268135099114865,"경기도 수원시 영통구 봉영로****번길 **, ***동 ***호 (영통동, 신명.한국아파트)"
폐업,2024-02-28,효티네일(HYO TI NAIL),127.04766659645428,37.29086741545291,"경기도 수원시 영통구 도청로 95, 유니코어 1층 1-202호 (이의동)"
폐업,2024-02-26,인셀덤(노블레스리치),126.9668820508374,37.302327168897385,"경기도 수원시 장안구 덕영대로***번길 **, 지하*층 B**호 (율전동)"
폐업,2024-03-07,스마트안전,127.0579455762,37.24467315813676,"경기도 수원시 영통구 영통로***번길 **, 현대프라자 ***호 (영통동)"
폐업,2024-02-28,가꿈네일,127.01370502134563,37.26121249569625,"경기도 수원시 권선구 정조로588번길 2, 1층 일부호 (세류동)"
폐업,2024-02-26,두번먹는명인김치찜,127.0054068772159,37.26263407388744,"경기도 수원시 권선구 세류로15번길 13, 1층 일부호 (세류동)"
폐업,2024-03-05,거기시켜 덮밥&간식(수원시청점),127.03514122556832,37.261324275151445,"경기도 수원시 팔달구 효원로 303, 삼호파크타워 지하1층 103~105(주방11호)호 (인계동)"
폐업,2024-03-08,컵에그린,126.97529537328319,37.23481056091818,"경기도 수원시 권선구 서수원로 99, 310동 102호 (오목천동, 수원권선 꿈에그린 아파트)"
폐업,2024-02-08,에버몽(ever mong),127.00588856144232,37.302640611843955,"경기도 수원시 장안구 경수대로939번길 12-23, 101호 (송죽동, Home&amp;Y)"
폐업,2024-03-07,집톡,127.05070727788095,37.287677903344566,"경기도 수원시 영통구 도청로 **, ****동 ****호 (이의동, 자연앤 힐스테이트)"
폐업,2024-03-06,더끌린 글로리아,126.9813972894122,37.314141140179856,"경기도 수원시 장안구 장안로***번길 **, ***동 ***호 (이목동, 수원 장안 STX KAN *단지아파트)"
폐업,2024-03-04,동남마트,127.00054798607216,37.26225413388985,"경기도 수원시 권선구 권선로436번길 21, 제상가동 제1층 제101호 (평동, 평동동남아파트)"
폐업,2024-03-05,모나케이,127.04298338323238,37.26692139567301,"경기도 수원시 영통구 동수원로 ***, *동 ****호 (매탄동, 동남아파트)"
폐업,2024-03-05,어서오고,126.98127205499205,37.26917037142342,"경기도 수원시 권선구 서호서로*번길 **, ***호 (서둔동)"
폐업,2024-03-05,맛의즐거움,127.02514836905837,37.23432699834422,"경기도 수원시 권선구 경수대로54번길 72, 102호 (곡반정동)"
폐업,2024-03-04,구호양 양꼬치,127.07476126731333,37.25239904057795,"경기도 수원시 영통구 청명남로 25, 3층 309호 (영통동)"
폐업,2024-03-06,봉's족발,126.96582042387568,37.240333645782464,"경기도 수원시 권선구 오목천로 31, 로뎀프라자 102호 일부호 (오목천동)"
폐업,2024-02-28,세븐일레븐 롯데몰수원역점,126.99710862780574,37.264173998928946,"경기도 수원시 권선구 세화로 ***, 롯데몰 수원점 B*층 (서둔동)"
폐업,2024-03-06,세븐일레븐 롯데몰수원역점,126.99710862780574,37.264173998928946,"경기도 수원시 권선구 세화로 134, 롯데몰 수원점 지하1층 (서둔동)"
폐업,2024-02-27,누룩,127.02381613197828,37.286297986100486,"경기도 수원시 팔달구 창룡대로 90-5, 1층 (남수동)"
폐업,2024-03-06,플래시드,127.00679322404828,37.279334298746285,"경기도 수원시 팔달구 고화로 112-1, 1층 일부호 (고등동)"
폐업,2024-03-08,앙금인절미,126.94254046475834,37.273942886559375,"경기도 수원시 권선구 금곡로 112, 이수프라자 1층 106-5호 (금곡동)"
폐업,2024-03-05,건강애뜰,127.00843327347191,37.30551618307592,"경기도 수원시 장안구 경수대로***번길 **, ***동 ***호 (조원동, 수원 한일타운)"
폐업,2024-02-26,세븐일레븐 수원금당로점,127.01931303576232,37.30060482190314,"경기도 수원시 장안구 금당로 86-8, 1층 (조원동)"
폐업,2024-03-08,고기리 국수관 영통본점,127.0750407455072,37.247906873888894,"경기도 수원시 영통구 덕영대로1673번길 8-14, 1층 (영통동)"
폐업,2024-03-06,맛의즐거움,127.02514836905837,37.23432699834422,"경기도 수원시 권선구 경수대로**번길 **, *층 ***호 (곡반정동)"
폐업,2024-03-05,몬테스 본,126.9724983255581,37.23604415053134,"경기도 수원시 권선구 서수원로99번길 20, 1층 (오목천동)"
폐업,2024-02-29,굿뉴스그로서리스토어,127.01658594265416,37.28652855505189,"경기도 수원시 팔달구 화서문로75번길 11, 1층 (북수동)"
폐업,2024-02-29,강레오의 차돌집,126.94184986371239,37.2732909645246,"경기도 수원시 권선구 금곡로102번길 15, 비즈웍스 1층 127호 일부호 (금곡동)"
폐업,2024-02-29,뭉무디자인(MM design),127.03623690786492,37.26517003936623,"경기도 수원시 팔달구 권광로***번길 **-**, ****호 (인계동)"
폐업,2024-02-27,주식회사 씨스코컴퍼니,126.98253407195439,37.29587416399069,"경기도 수원시 장안구 만석로19번길 25-10, 롯데마트 천천점 지하1층 (천천동)"
폐업,2024-02-26,달밤,126.9641547470565,37.245182303425054,"경기도 수원시 권선구 삼천병마로1598번길 8, 1층 (오목천동)"
폐업,2024-03-04,요녀석 인계점,127.02414697397235,37.26757734908915,"경기도 수원시 팔달구 장다리로195번길 14, 1층 (인계동)"
폐업,2024-03-05,더끌린글로리아,126.9813972894122,37.314141140179856,"경기도 수원시 장안구 장안로***번길 **, ***동 ***호 (이목동, 수원 장안 STX KAN *단지아파트)"
폐업,2024-03-07,원Beer,127.0307519384433,37.283793758554104,"경기도 수원시 팔달구 경수대로642번길 33, 1층 (우만동)"
폐업,2023-11-30,루시아,126.95908140800934,37.26737643410622,"경기도 수원시 권선구 매실로 **, ***동 ****호 (호매실동, 호매실GS아파트)"
폐업,2024-03-06,비바스터디카페,127.00971339333476,37.30164219841454,"경기도 수원시 장안구 경수대로 920, 5층 (조원동)"
폐업,2024-02-29,쑝쑝돈가스 수원정자점,126.99397492880848,37.296415999283035,"경기도 수원시 장안구 대평로90번길 20, 엔타운 1층 103호 (정자동)"
폐업,2024-03-08,벌컥(Burl Kuck),127.05081921428612,37.276186358849245,"경기도 수원시 영통구 광교중앙로25번길 74, 1층 일부호 (원천동)"
폐업,2024-03-04,하하상점,127.07962491678404,37.26291128745482,"경기도 수원시 영통구 영통로 ***, ***동 ****호 (영통동, 황골마을주공*단지아파트)"
폐업,2024-02-29,"오늘도,스윗",127.01593879428316,37.283747364850385,"경기도 수원시 팔달구 정조로 847-1, 3층 (신풍동)"
폐업,2024-02-29,"오늘도,스윗",127.01593879428316,37.283747364850385,"경기도 수원시 팔달구 정조로 847-1, 3층 (신풍동)"
폐업,2024-02-28,제이제이제이푸드,127.05113743065382,37.29178220916972,"경기도 수원시 영통구 센트럴타운로 92, 1층 105호 (이의동)"
폐업,2024-02-26,푸루뚜후루뚜,127.03240992723912,37.2666987480903,"경기도 수원시 팔달구 인계로138번길 8, 수원인계 리슈빌S 1층 110호 (인계동)"
폐업,2024-02-26,이지케어,127.03709397526998,37.267842411179004,"경기도 수원시 영통구 인계로***번길 **, ***동 ***호 (매탄동, 주공*단지아파트)"
폐업,2024-03-04,맛스러운,126.9693236588309,37.303458471636056,"경기도 수원시 장안구 덕영대로417번길 52-52, 1층 (율전동)"
폐업,2024-03-05,주)온미,127.05467899830617,37.27401532732227,"경기도 수원시 영통구 월드컵로 85, 인터프라자 1층 107호 (원천동)"
폐업,2024-02-27,폴콘 갤러리아 광교MVG,127.05743978708709,37.28520630774426,"경기도 수원시 영통구 광교중앙로 124, 갤러리아 광교 12층 일부호 (하동)"
폐업,2024-03-05,버거타운 호매실점,126.95316780819927,37.27321777444697,"경기도 수원시 권선구 금곡로196번길 35, 1층 128호 (금곡동)"
폐업,2024-03-07,찹쌀누룽지,127.07930987751071,37.25338446272884,"경기도 수원시 영통구 청명로 **, 더원빌딩 ***호 (영통동)"
폐업,2024-02-27,제이앤,127.03027537407517,37.24985271765233,"경기도 수원시 권선구 권중로 **, ***동 ****호 (권선동, 벽산한성아파트)"
폐업,2024-02-29,스토어워즈,127.03160751381482,37.262167955579685,"경기도 수원시 팔달구 권광로 ***, 수원프라자 ****호 (인계동)"
폐업,2024-03-05,어텀뷰티,126.99389421211052,37.285799159418914,"경기도 수원시 팔달구 덕영대로697번길 70, 주공프라자 1층 111호 (화서동)"
폐업,2024-02-27,바니클로즈,127.06424443100447,37.2668711461054,"경기도 수원시 영통구 삼성로***번길 **-*, *층 ***호 (원천동)"
폐업,2024-03-04,존맛탱마라탕,127.00780872187582,37.26427990817739,"경기도 수원시 권선구 세류로 55, 1층 일부호 (세류동)"
폐업,2024-02-26,말레비치(MALEVICH),127.02641178531536,37.296479351372334,"경기도 수원시 장안구 창훈로29번길 79-2, 1층 좌측호 (연무동)"
폐업,2024-02-29,진헤어 Jin Hair,126.97902144872788,37.27145863221699,"경기도 수원시 권선구 서둔로 ***, *층 (탑동)"
폐업,2024-03-07,닭강정공방 수원인계점,127.03542140851683,37.27691864244444,"경기도 수원시 팔달구 중부대로170번길 17, 상가동 지하1층 132호 (인계동, 수원 인계 푸르지오)"
폐업,2024-03-04,맛스러운,126.9693236588309,37.303458471636056,"경기도 수원시 장안구 덕영대로***번길 **-**, ***호 (율전동)"
폐업,2024-02-29,당신은지금치킨이땡긴다 인계점,127.02479081296438,37.267502756524294,"경기도 수원시 팔달구 장다리로 195, 엠에스써밋 1층 105호 (인계동)"
폐업,2024-03-05,버터델리,127.0333364048944,37.28517019734232,"경기도 수원시 팔달구 월드컵로311번길 27, 1층 (우만동)"
폐업,2024-02-26,30년불멸의닭발,127.0054068772159,37.26263407388744,"경기도 수원시 권선구 세류로15번길 13, 1층 (세류동)"
폐업,2024-02-26,오드제이,127.06235364956063,37.247245444502425,"경기도 수원시 영통구 덕영대로****번길 **, ***동 ***호 (영통동, 벽적골롯데아파트)"
폐업,2024-02-29,페이페이 갤러리아 광교점,127.05743978708709,37.28520630774426,"경기도 수원시 영통구 광교중앙로 124, 갤러리아 광교 9층 일부호 (하동)"
폐업,2024-02-29,라온약국,127.01347811389292,37.260733913182015,"경기도 수원시 권선구 정조로 582, 1층 (세류동)"
폐업,2024-02-26,팔구공 푸드,127.04665934800042,37.2697088910486,"경기도 수원시 영통구 매영로35번길 5, 1층 103호 (매탄동)"
폐업,2024-03-05,공감스터디앤워크,126.95439250784761,37.27562098934369,"경기도 수원시 권선구 금곡로***번길 **, *층 (금곡동)"
폐업,2024-03-05,맛의즐거움,127.02514836905837,37.23432699834422,"경기도 수원시 권선구 경수대로54번길 72, 1층 102호 (곡반정동)"
폐업,2024-02-28,라온약국,127.01347811389292,37.260733913182015,"경기도 수원시 권선구 정조로 582, 1층 104호 (세류동)"
폐업,2024-03-06,오른 (oreun),127.03303215183779,37.250693442940616,"경기도 수원시 권선구 권중로 ***, ***동 ****호 (권선동, 벽산아파트)"
폐업,2024-03-09,봄순이네,126.99973394391515,37.28117771699117,"경기도 수원시 팔달구 화양로**번길 **, C동 *층 *호 (화서동, 숙지빌라트)"
폐업,2024-02-26,허프,127.0142443646083,37.2502104296608,경기도 수원시 권선구 경수대로***번길 **-**(세류동)
폐업,2024-03-05,온정,126.9536624136593,37.273449806718425,"경기도 수원시 권선구 금곡로212번길 14, 거성빌딩 1층 106호 (금곡동)"
폐업,2024-03-05,예니당,126.93369830110134,37.27524396620465,"경기도 수원시 권선구 금곡로73번길 71, B1층 01(일부)호 (금곡동, 금곡엘지아파트)"
폐업,2024-03-05,온정,127.01455481413997,37.24349461678271,"경기도 수원시 권선구 정조로 381, 1층 (장지동)"
폐업,2024-03-06,경기로컬푸드 광교점,127.06026463110096,37.287453322290965,"경기도 수원시 영통구 법조로 25, 광교 SK VIEW Lake 근린생활동 1층 153호 (하동)"
폐업,2024-03-06,이숲,127.02131088728616,37.28489892568658,"경기도 수원시 팔달구 창룡대로***번길 **, *층 ***호 (매향동)"
폐업,2024-03-05,88김치찌개,127.01659631059937,37.25202362123069,"경기도 수원시 권선구 덕영대로1145번길 15, 1층 (세류동)"
폐업,2024-03-06,담꾹 수원당수점,126.94017070790169,37.291561532633416,"경기도 수원시 권선구 당진로 29-4, 기와프라자 1층 102호 (당수동)"
폐업,2024-02-29,치치,126.96422241547796,37.29960514740914,"경기도 수원시 장안구 화산로285번길 18-13, 1층 (율전동)"
폐업,2024-02-26,깡남굿즈,126.9975498220689,37.27235443054575,"경기도 수원시 팔달구 고등로 *, 수원고등 LH*단지 ***동 ****호 (고등동)"
폐업,2024-02-27,돌봄동물의료센터,127.04356673147834,37.275188146093804,"경기도 수원시 팔달구 중부대로 ***, *층 (우만동)"
폐업,2024-03-04,휴가,127.04588500669212,37.2750110428998,"경기도 수원시 영통구 동수원로***번길 **, 희원빌딩 *층 (원천동)"
폐업,2024-02-29,다정삼겹2,127.00077805464211,37.26838773162473,"경기도 수원시 팔달구 향교로1번길 20, 1층 108, 109호 (매산로1가)"
폐업,2024-02-29,딥그린(DeepGreen),127.01040174691227,37.29551744521253,"경기도 수원시 장안구 송정로118번길 7, 1층 103호 (조원동)"
폐업,2024-02-27,소나무 간병협회,126.97341010112791,37.268731945976704,"경기도 수원시 권선구 하탑로 17, 모아빌딩 6층 602호 (탑동)"
폐업,2024-03-05,미친냉면,127.02021364567261,37.260687985446594,"경기도 수원시 권선구 권선로 630, 2층 5호 (권선동)"
폐업,2024-02-26,미몽실,127.04140984558633,37.26181978408748,"경기도 수원시 영통구 효원로 ***, 상가B동 ***-*호 (매탄동, 매탄 위브 하늘채)"
폐업,2024-03-08,오누이 헤어2,127.03734089463273,37.256103870057764,"경기도 수원시 영통구 권선로 790, 4층 일부호 (매탄동)"
폐업,2024-02-29,씨유 수원성모병원점,127.00792253828956,37.2920364601384,"경기도 수원시 장안구 수성로 328, 1층 (영화동)"
폐업,2024-03-05,청년분식,126.95281082961961,37.29858391542407,"경기도 수원시 권선구 입북로77번길 61, 1층 107호 (입북동, 서수원 레이크 푸르지오 2단지)"
폐업,2024-03-05,cafe-by(카페바이),127.0174154302185,37.261177985382226,"경기도 수원시 권선구 세지로 99, 지하1층 B05호 (세류동, 삼익아파트)"
폐업,2024-02-26,세븐일레븐 수원해든점,127.00641551624523,37.28542107188325,"경기도 수원시 팔달구 장안로5번길 16, 성암빌딩 101호 (화서동)"
폐업,2024-02-27,원스핏 북수원점 PT studio,127.00745103346215,37.303520527063355,"경기도 수원시 장안구 경수대로 950, 아울렛쇼핑타운 433호 (조원동)"
폐업,2024-03-05,총각네소고기&냉면,127.02021364567261,37.260687985446594,"경기도 수원시 권선구 권선로 630, 2층 (권선동)"
폐업,2024-02-26,아웃 앤 어바웃(out and adout),127.04079922829186,37.28058703195469,"경기도 수원시 팔달구 중부대로***번길 **, ***동 ***호 (우만동, 주공아파트)"
폐업,2024-03-06,곰곰상회,126.98605266099531,37.27197149900519,"경기도 수원시 권선구 서호로 ***, 나동 ***호 (서둔동, 해맑음 빌리지(나동))"
폐업,2024-03-04,아삼육,127.0673403754612,37.27519065787399,"경기도 수원시 영통구 광교호수로 **, ****동 ****호 (하동, 휴먼시아아파트)"
폐업,2024-03-04,로즈피엘,127.07463040676087,37.24785000394172,"경기도 수원시 영통구 덕영대로****번길 *-*, *층 ***호 (영통동)"
폐업,2024-03-08,프리드링크(FREE DRINK),127.03858086836593,37.27616588897249,"경기도 수원시 팔달구 중부대로 206, HP(에이치피) 1층 101호 (인계동)"
폐업,2024-02-27,희 뽑기방,127.01480268098906,37.30063889828624,"경기도 수원시 장안구 송정로187번길 54-2, 1층 (조원동)"
폐업,2024-02-27,핵밥 수원망포점,127.04872700685462,37.24096204618991,"경기도 수원시 영통구 망포로 136, 영통 플래티넘베이스 에이 1층 113호 (망포동)"
폐업,2024-03-05,랑유클리닉의원,127.02406642903587,37.259511252868144,"경기도 수원시 권선구 경수대로 374, 2층 (권선동)"
폐업,2024-03-05,아이엠정,126.98499106227283,37.3071357061899,"경기도 수원시 장안구 이목로 **, ***동 ****호 (정자동, 수원 SK SKY VIEW)"
폐업,2024-02-26,해피오렌지박스,127.0397282418166,37.27117888834729,"경기도 수원시 영통구 권광로***번길 **, ***동 ****호 (매탄동, 현대힐스테이트아파트)"
폐업,2024-03-07,아이오피디(IOPD_),127.0258833573058,37.26109568695408,"경기도 수원시 권선구 효원로***번길 **, ***동 ***호 (권선동, 올림픽공원대우미래사랑 ***동)"
폐업,2024-03-05,스파게티참잘하는집,127.02554664046116,37.26007672636023,"경기도 수원시 권선구 경수대로384번길 24, 4층 (권선동)"
폐업,2024-03-06,이숲,127.02131088728616,37.28489892568658,"경기도 수원시 팔달구 창룡대로103번길 91, 1층 102호 (매향동)"
폐업,2024-03-07,반찬투정,127.02617502569606,37.29417450221211,"경기도 수원시 장안구 월드컵로428번길 16, 1층 (연무동)"
폐업,2024-03-05,테그42(권선점),127.02681387908044,37.245647844564694,"경기도 수원시 권선구 동수원로145번길 74, 상가1동 1층 107호 (권선동, 수원아이파크시티 1단지)"
폐업,2024-03-05,세븐일레븐 수원3산업단지점,126.98430699788841,37.235442233141576,"경기도 수원시 권선구 산업로156번길 88-34, 1층 (고색동)"
폐업,2024-03-06,홍콩다방,127.05592126161362,37.2862444937433,"경기도 수원시 영통구 도청로 10, 광교센트럴푸르지오시티 지하1층 (이의동)"
폐업,2024-02-29,보다물산,126.96589268539738,37.298959798661166,"경기도 수원시 장안구 율전로***번길 **, *층 **호 (율전동)"
폐업,2024-03-07,청렴스시,127.0232775051075,37.25611575954733,"경기도 수원시 권선구 세권로 173, 1층 (권선동)"
폐업,2024-02-28,윤메디스킨,127.04837682971049,37.291913238840344,"경기도 수원시 영통구 센트럴타운로 107, 1층 114호 (이의동, 광교푸르지오 월드마크, 월드스퀘어)"
폐업,2024-02-27,지비인터내셔널,127.05198452739891,37.30933722027035,"경기도 수원시 영통구 웰빙타운로**번길 **-***, ***호 (이의동)"
폐업,2024-02-26,준푸드,127.0479194310129,37.27253609641684,"경기도 수원시 영통구 매여울로40번길 48-5, 1층 (매탄동)"
폐업,2024-03-05,구름산추어탕 서수원점,126.97021760302582,37.2824230079768,"경기도 수원시 권선구 수인로 291, 서수원버스터미널 이마트동 1층 (구운동)"
폐업,2024-03-05,카페달달,126.97785756797563,37.23364456850263,"경기도 수원시 권선구 서수원로47번길 11, 그린메디프라자 1층 107호 (오목천동)"
폐업,2024-02-29,다정삼겹1,127.00077805464211,37.26838773162473,"경기도 수원시 팔달구 향교로1번길 20, 1층 112,113호 (매산로1가)"
폐업,2024-03-05,천년이고,126.95908140800934,37.26737643410622,"경기도 수원시 권선구 매실로 70, B02호 (호매실동, 호매실GS아파트)"
폐업,2024-02-27,폴콘 갤러리아 광교,127.05743978708709,37.28520630774426,"경기도 수원시 영통구 광교중앙로 124, 갤러리아 광교 9층 (하동)"
폐업,2024-03-04,풍미공방 갤러리아광교,127.05743978708709,37.28520630774426,"경기도 수원시 영통구 광교중앙로 124, 갤러리아 광교 지하1층 (하동)"
폐업,2024-02-29,뉴트라라이프 갤러리아광교,127.05743978708709,37.28520630774426,"경기도 수원시 영통구 광교중앙로 ***, 갤러리아 광교 지하*층 (하동)"
폐업,2024-02-28,블랑드네일,127.06632745385436,37.29186576689779,"경기도 수원시 영통구 광교중앙로 240, KJ 프라자 102호 (하동)"
폐업,2024-02-28,Black Pine(블랙파인),126.9679712408812,37.299002090889566,"경기도 수원시 장안구 화산로259번길 25, 1층 (율전동)"
폐업,2024-03-04,버거타운 인계본점,127.02946342395049,37.26726357791499,"경기도 수원시 팔달구 인계로108번길 9, 104,105호 (인계동)"
폐업,2024-02-24,연아공방,127.03204195061079,37.24852831809441,"경기도 수원시 권선구 권중로 ***, 상가동 *층 ***호 (권선동, 신동아아파트)"
폐업,2024-03-09,초코초코,127.00674973051747,37.28672676425978,"경기도 수원시 장안구 장안로**번길 *, B동 ***호 (영화동)"
폐업,2024-03-07,더블아이히트,127.0471019237244,37.27203174583379,"경기도 수원시 영통구 동수원로***번길 **, ***호 (매탄동)"
폐업,2024-02-24,라온제나,126.97832823963122,37.27096897625461,"경기도 수원시 권선구 하탑로**번길 **, 탑캐슬아파트 ***호 (탑동)"
폐업,2024-03-07,노스텔지아(NOSTALGIA),127.00592115806346,37.27012269540846,"경기도 수원시 팔달구 고화로13번길 36, 1층 (고등동)"
폐업,2024-03-04,예진아씨,127.05773877289877,37.28704822240879,"경기도 수원시 영통구 광교중앙로 ***, 광교엘포트아이파크 B***호 (이의동)"
폐업,2024-03-05,시카고닭빨,126.95426964267794,37.277219356520014,"경기도 수원시 권선구 서수원로 589, 314동 105호 (금곡동, 삼익3차아파트)"
폐업,2024-02-29,플레이맘수원점,127.00826332198815,37.30112000523654,"경기도 수원시 장안구 경수대로***번길 **, *층 (송죽동)"
폐업,2024-03-07,일진 PC방(노브랜드) 수원 경희대점,127.07955271654525,37.24868145482909,"경기도 수원시 영통구 청명로 10, 마크타워 101호 (영통동)"
폐업,2024-02-29,뉴질랜드마켓,127.03208787324317,37.27452900959327,"경기도 수원시 팔달구 장다리로***번길 **, 지*층 ***호 (인계동, 신반포아파트)"
폐업,2024-02-28,애견동화,127.04985692641817,37.27134059470898,경기도 수원시 영통구 매봉로**번길 ** (매탄동)
폐업,2024-03-05,우리애 푸드,126.95479123685743,37.27514796349942,"경기도 수원시 권선구 금곡로 225, 딜라이트2 202호 (금곡동)"
폐업,2024-03-04,파라솔영어교습소,127.0451761846058,37.247429257150955,"경기도 수원시 영통구 권선로***번길 **, *층 ***호 (신동)"
폐업,2024-02-26,드로잉 위드 플라워,127.0397282418166,37.27117888834729,"경기도 수원시 영통구 권광로***번길 **, ***동 ***호 (매탄동, 현대힐스테이트아파트)"
폐업,2024-03-05,행복한찹쌀꽈배기,127.01649439312101,37.2560430586564,경기도 수원시 권선구 세지로42번길 3 (세류동)
폐업,2024-02-28,케이씨씨골프아카데미,127.03528658640212,37.271314655784444,"경기도 수원시 팔달구 권광로 267, 2층 (인계동)"
폐업,2024-02-28,물음표,126.97088961931605,37.259335404959714,"경기도 수원시 권선구 호매실로 22-66, 1층 (탑동)[*미고시]"
폐업,2024-03-01,에이미펫,127.00878300292602,37.294476278970386,"경기도 수원시 장안구 송정로**번길 **-**, 나동 ***호 (정자동, 삼부연립)"
폐업,2024-02-28,마이런(myron),127.04140984558633,37.26181978408748,"경기도 수원시 영통구 효원로 ***, ***동 ****호 (매탄동, 매탄 위브 하늘채)"
폐업,2024-02-27,바닐라백,127.06223619494823,37.288708386084004,"경기도 수원시 영통구 센트럴파크로 **, 광교힐스테이트레이크 ***동 ****호 (하동)"
폐업,2024-03-04,프랜차미,127.02697227908125,37.28804359263638,"경기도 수원시 팔달구 경수대로***번길 **, *층 (우만동)"
폐업,2024-02-27,소정상점,127.04298338323238,37.26692139567301,"경기도 수원시 영통구 동수원로 ***, *동 ***호 (매탄동, 동남아파트)"
폐업,2024-02-29,구미관,127.01764607948336,37.30148096216494,"경기도 수원시 장안구 금당로 65, 그랜드빌 1층 (조원동)"
폐업,2024-03-08,꼬챙이,127.0026195024642,37.27908039713502,"경기도 수원시 팔달구 동말로77번길 5, 1층 (화서동)"
폐업,2024-03-08,기가정보통신,127.01070821444092,37.29161939252604,"경기도 수원시 장안구 수성로***번길 **, KT수원지사 *층 (영화동)"
폐업,2024-03-11,기가정보통신,127.01070821444092,37.29161939252604,"경기도 수원시 장안구 수성로***번길 **, KT수원 별관 *층 (영화동)"
폐업,2024-03-08,기가정보통신,127.01070821444092,37.29161939252604,"경기도 수원시 장안구 수성로***번길 **, KT수원 별관 *층 (영화동)"
폐업,2024-02-27,세븐일레븐 고색3산업단지점,126.98430699788841,37.235442233141576,"경기도 수원시 권선구 산업로156번길 88-34, 101호 (고색동)"
폐업,2024-02-27,태구,127.01130901627596,37.288056924618004,경기도 수원시 장안구 팔달로***번길 * (영화동)
폐업,2024-03-05,봉가네,126.98207553718416,37.234052607184005,"경기도 수원시 권선구 서수원로 10-2, 1층 (오목천동)"
폐업,2024-02-26,육전면사무소 광교중앙역점,127.0574225415149,37.28812663856075,"경기도 수원시 영통구 센트럴타운로 15, 1층 122,123호 (이의동, 아이플렉스)"
폐업,2024-02-26,라일락(like luck),127.04643840171603,37.27519360802568,"경기도 수원시 영통구 동수원로***번길 **, 나동 ***호 (원천동, 아주아파트)"
폐업,2024-03-05,동원산업(주),126.97021760302582,37.2824230079768,"경기도 수원시 권선구 수인로 291, 이마트 서수원점 1층 (구운동)"
폐업,2024-03-05,마마트 세류점,127.01687194634766,37.25151808434263,"경기도 수원시 권선구 세지로4번길 49-1, 1층 (세류동)"
폐업,2024-02-27,요시컴퍼니,127.06564463049679,37.294036249602854,"경기도 수원시 영통구 광교중앙로 ***, ****동 ****호 (하동, 휴먼시아아파트)"
폐업,2024-03-07,디스이스pc 성대점,126.97243505053054,37.298913702857725,"경기도 수원시 장안구 서부로 2136, 1층 (율전동)"
폐업,2024-02-29,장터마을,127.02640407106486,37.25293996016934,"경기도 수원시 권선구 권광로 **, ***동 ****호 (권선동, 권선자이이편한세상)"
폐업,2024-03-04,만개 푸드,127.07906459862456,37.24926280526306,"경기도 수원시 영통구 매영로415번길 42-21, 1층 (영통동)"
폐업,2024-03-05,달빛곱창,126.96196655168482,37.26619574767612,"경기도 수원시 권선구 서수원로 445, 106~107호 (호매실동, 골드프라자B)"
폐업,2024-02-29,메가박스중앙(주)영통지점7층매점,127.07158257490269,37.25268061857213,"경기도 수원시 영통구 봉영로 1579, 7층 (영통동, 롯데마트영통점)"
폐업,2024-02-27,돌봄동물병원,127.04356673147834,37.275188146093804,"경기도 수원시 팔달구 중부대로 ***, *층 (우만동)"
폐업,2024-03-06,깨톡,126.9915067155011,37.306515105947895,경기도 수원시 장안구 파장로 81 (정자동)
폐업,2024-02-26,돈&부대,126.98477434492335,37.30963488837286,"경기도 수원시 장안구 이목로 24-3 (정자동, 스카이프라자204호)"
폐업,2024-02-29,다정삼겹,127.00077805464211,37.26838773162473,"경기도 수원시 팔달구 향교로1번길 20, 110,111호 (매산로1가)"
폐업,2024-02-26,본죽수원호매실홈플러스점,126.95405803423087,37.27396334044595,"경기도 수원시 권선구 금곡로 206, 117호 (금곡동, 호매실우성메디피아)"
폐업,2024-03-05,트립아시아,127.05592126161362,37.2862444937433,"경기도 수원시 영통구 도청로 10, 3층 (이의동, 롯데아울렛 광교점)"
폐업,2024-02-27,연무건어물,127.0259574189587,37.29449678703366,"경기도 수원시 장안구 월드컵로428번길 19, 1층 (연무동)"
폐업,2024-02-27,바다바에스테틱,127.05660210193793,37.24653062524515,"경기도 수원시 영통구 영통로213번길 6, 3층 (영통동)"
폐업,2024-03-04,엔제리너스커피 롯데몰수원점,126.99710862780574,37.264173998928946,"경기도 수원시 권선구 세화로 134, 3층 (서둔동, 롯데몰수원점)"
폐업,2024-03-04,마노디셰프 롯데몰수원점,126.99710862780574,37.264173998928946,"경기도 수원시 권선구 세화로 134, 3층 (서둔동, 롯데몰수원점)"
폐업,2024-03-04,치킨마루(화서역점),126.99202518179067,37.28495147458625,경기도 수원시 팔달구 덕영대로697번길 34 (화서동)
폐업,2024-03-05,Rydell F&B(라이델에프앤비),126.98999970833356,37.26665156737781,"경기도 수원시 권선구 세화로169번길 56, 1층 (서둔동)"
폐업,2024-03-08,위드블럭,127.0590846512991,37.241251091195004,"경기도 수원시 영통구 영통로154번길 60 (망포동, 3층일부)"
폐업,2024-03-08,루비네일,127.02591204329111,37.271559270258784,"경기도 수원시 팔달구 장다리로233번길 12-17, 1층 (인계동)"
폐업,2024-02-27,해나라어린이집,127.00026180519203,37.29219299907404,경기도 수원시 장안구 수성로261번길 46-15 (정자동)
폐업,2024-01-01,메가박스중앙(주) 영통지점 퍼피시네마2관,127.07158257490269,37.25268061857213,경기도 수원시 영통구 봉영로 1579 (영통동)
폐업,2024-01-01,메가박스중앙(주) 영통지점 퍼피시네마1관,127.07158257490269,37.25268061857213,경기도 수원시 영통구 봉영로 1579 (영통동)
폐업,2024-02-29,메가박스중앙(주)영통지점 키즈카페,127.07158257490269,37.25268061857213,"경기도 수원시 영통구 봉영로 1579 (영통동, 960-1 롯데마트영통점 6층일부)"
폐업,2024-03-04,나무카페,127.05013547756089,37.27199349894935,"경기도 수원시 영통구 매봉로35번길 50 (매탄동, 111-10, 1층 일부)"
폐업,2024-02-28,스마트폰중고마을,127.02538763093591,37.25588952279158,"경기도 수원시 권선구 세권로***번길 **, ***호 (권선동)"
폐업,2024-03-06,한건헤어,127.02638596374312,37.23832489229135,"경기도 수원시 권선구 곡선로 20, 상가동 105호 (권선동, 수원아이파크시티6단지)"
폐업,2024-03-04,양인제분건강원,127.01977427893284,37.27734100874093,경기도 수원시 팔달구 수원천로 266-6 (지동)
폐업,2024-03-05,나누리,126.9779891118951,37.24152160103184,"경기도 수원시 권선구 오목천로152번길 68, 117-2호 (고색동, 골든프라자)"
폐업,2024-02-29,고피자 수원정자점,126.99361478356795,37.2955528538938,"경기도 수원시 장안구 대평로 80, 101호 (정자동)"
폐업,2024-02-25,이레연합의원,126.94127342551984,37.27385841973317,"경기도 수원시 권선구 금곡로 100, 4층 403호 (금곡동, 이레연합의원)"
폐업,2024-03-08,점핑다이어트 점핑하이,127.03897611338613,37.25479063554346,"경기도 수원시 영통구 권선로 ***, *층 (매탄동)"
폐업,2024-02-28,옥집2,126.97091557136268,37.29863321748077,경기도 수원시 장안구 화산로233번길 25 (율전동)
폐업,2024-03-07,이태원연가,127.0215252851712,37.25948666228636,"경기도 수원시 권선구 장다리로 103 (권선동,지층)"
폐업,2024-03-05,의령메밀소바,126.96251459394368,37.24184496975256,경기도 수원시 권선구 삼천병마로 1559 (오목천동)
폐업,2024-01-01,메가박스중앙(주) 영통지점 제6관,127.07158257490269,37.25268061857213,"경기도 수원시 영통구 봉영로 1579 (영통동, 그랜드백화점 7층)"
폐업,2024-01-01,메가박스중앙(주) 영통지점 제7관,127.07158257490269,37.25268061857213,"경기도 수원시 영통구 봉영로 1579 (영통동, 그랜드백화점 5층)"
폐업,2024-01-01,메가박스중앙(주) 영통지점 제3관,127.07158257490269,37.25268061857213,"경기도 수원시 영통구 봉영로 1579 (영통동, 그랜드백화점 7층)"
폐업,2024-01-01,메가박스중앙(주) 영통지점 제5관,127.07158257490269,37.25268061857213,"경기도 수원시 영통구 봉영로 1579 (영통동, 그랜드백화점 7층)"
폐업,2024-01-01,메가박스중앙(주) 영통지점 제4관,127.07158257490269,37.25268061857213,"경기도 수원시 영통구 봉영로 1579 (영통동, 그랜드백화점 7층)"
폐업,2024-01-01,메가박스중앙(주) 영통지점 제8관,127.07158257490269,37.25268061857213,"경기도 수원시 영통구 봉영로 1579 (영통동, 그랜드백화점 5층)"
폐업,2024-01-01,메가박스중앙(주) 영통지점 Dolby Atmos관,127.07158257490269,37.25268061857213,"경기도 수원시 영통구 봉영로 1579 (영통동, 그랜드백화점 7층)"
폐업,2024-01-01,메가박스중앙(주) 영통지점 제2관,127.07158257490269,37.25268061857213,"경기도 수원시 영통구 봉영로 1579 (영통동, 그랜드백화점 7층)"
폐업,2024-01-01,메가박스중앙(주) 영통지점 제9관,127.07158257490269,37.25268061857213,"경기도 수원시 영통구 봉영로 1579 (영통동, 그랜드백화점 5층)"
폐업,2024-02-29,메가박스중앙(주)영통지점 매점,127.07158257490269,37.25268061857213,"경기도 수원시 영통구 봉영로 1579, 5층 (영통동, 롯데마트 영통점)"
폐업,2024-03-05,따식이포차,127.02842580020283,37.25960991043337,경기도 수원시 권선구 권광로123번길 42 (권선동)
폐업,2024-02-26,치어스구운점,126.97394541623218,37.28332783650533,경기도 수원시 권선구 일월천로16번길 14 (구운동)
폐업,2024-02-29,북문흙마늘해신탕,127.01538815132724,37.291449708849875,경기도 수원시 장안구 팔달로291번길 21-4 (영화동)
폐업,2024-03-05,삼성전자로지텍(주),127.0511333702298,37.25584815375794,경기도 수원시 영통구 삼성로 129 (매탄동)
폐업,2024-02-26,삼성웰스토리(주)전자로지텍,127.0511333702298,37.25584815375794,경기도 수원시 영통구 삼성로 129 (매탄동)
폐업,2023-03-31,스피드당구장,127.02293876345317,37.25036686753227,경기도 수원시 권선구 덕영대로1201번길 28  (권선동)
폐업,2024-03-05,육꼬,127.04526566011292,37.25944610029778,"경기도 수원시 영통구 매탄로108번길 52 (매탄동,로진프라자 111호)"
폐업,2024-03-05,프띠르,126.99989106967686,37.266168774710735,경기도 수원시 팔달구 덕영대로 924 (매산로1가)
폐업,2024-03-04,생고기대학교 아주대점,127.0440934320563,37.27825119058648,경기도 수원시 영통구 아주로 38 (원천동)
폐업,2024-02-29,앵두,126.99455235125875,37.30750774322146,경기도 수원시 장안구 파장천로19번길 2 (파장동)
폐업,2024-02-28,김윤자헤어샵,127.06765568407778,37.24523687873283,"경기도 수원시 영통구 봉영로1482번길 35, 1층 (영통동)"
폐업,2024-03-08,머리만들기,127.00580743612456,37.29323588039571,경기도 수원시 장안구 영화로71번길 12-26 (정자동)
폐업,2024-03-07,빵굽는마을,127.0259574189587,37.29449678703366,경기도 수원시 장안구 월드컵로428번길 19 (연무동)
폐업,2024-03-07,핑크핑크,127.0194249206199,37.257446781600066,경기도 수원시 권선구 세지로66번길 39 (권선동)
폐업,2024-03-07,육회지존(수원역점),127.00624481296899,37.26921420836623,경기도 수원시 팔달구 향교로 50 (매산로2가)
폐업,2023-12-29,경기대학교 출판부,127.03523934726378,37.301733586307385,경기도 수원시 영통구 광교산로 ***-** (이의동)
